ÅU«ÈID,ÁÊ¶R®É¶¡,ÁÊ¶R°Ó«~,ÁÊ¶R¼Æ¶q,°Ó«~¤p­p,¥D­¹¿ï¾Ü,ªþÀ\¿ï¾Ü,ªþÀ\§N¼ö
7445cdd7,2020-12-30 11:39:47,»Äµæ¥Õ¦×Áç,3,900,¥Õ¶º,ºñ¯ù,¼ö
7445cdd7,2020-12-30 11:39:47,¯}¥¬¤l­W¥Ê»]¦×,3,900,µµ¦Ì,¥¤¯ù,¼ö
7445cdd7,2020-12-30 11:39:47,¤û¦×¯»µ·Áç,5,1600,¥Õ¶º,¥©§J¤O,¼ö
7445cdd7,2020-06-19 01:41:20,¯Ü¥ÖÂû»L,2,600,µµ¦Ì,½¯¶V²ù¾L,§N
7445cdd7,2020-06-19 01:41:20,¬õÄT½Þ±Æ,3,900,µµ¦Ì,©@°Ø,¼ö
7445cdd7,2020-06-19 01:41:20,Á¡ÆQ¯NÄJ³½,2,600,µµ¦Ì,ÂfÂc¥Ä,§N
7445cdd7,2020-05-14 21:08:28,¯Ü¥ÖÂû»L,3,900,¥Õ¶º,©@°Ø,¼ö
7445cdd7,2020-08-16 23:16:33,§ù¥ò¤û«n,3,900,µµ¦Ì,¬õ¯ù,§N
7445cdd7,2020-08-16 23:16:33,¾í¥Ä³½±Æ,5,1500,¥Õ¶º,¬c¤l¯ù,¼ö
7445cdd7,2020-08-16 23:16:33,»Äµæ¥Õ¦×Áç,2,600,¥Õ¶º,¥©§J¤O,¼ö
7445cdd7,2020-02-24 13:43:51,´ÔÆQ³½±Æ,3,900,¥Õ¶º,ºñ¯ù,¼ö
7445cdd7,2020-02-24 13:43:51,¯}¥¬¤l­W¥Ê»]¦×,4,1200,¥Õ¶º,²¢´ö,¼ö
7445cdd7,2020-02-24 13:43:51,Á¡ÆQ¯NÄJ³½,4,1200,µµ¦Ì,¥¤¯ù,§N
7445cdd7,2020-02-24 13:43:51,¾í¥Ä³½±Æ,3,900,¥Õ¶º,½¯¶V²ù¾L,§N
7445cdd7,2020-08-23 12:46:09,¤û¦×¯»µ·Áç,1,320,µµ¦Ì,²¢´ö,¼ö
7445cdd7,2020-08-23 12:46:09,®õ¦¡»[­»ª£»¶Âû,1,300,µµ¦Ì,©@°Ø,§N
7445cdd7,2020-08-23 12:46:09,®É³½,4,1280,¥Õ¶º,¥©§J¤O,¼ö
56d41e67,2020-05-26 09:30:19,»Äµæ¥Õ¦×Áç,2,600,µµ¦Ì,¥©§J¤O,¼ö
56d41e67,2020-05-26 09:30:19,®É³½,3,960,µµ¦Ì,¥¤¯ù,¼ö
56d41e67,2020-05-07 06:38:11,¯Ü¥ÖÂû»L,4,1200,µµ¦Ì,¥©§J¤O,¼ö
56d41e67,2020-05-07 06:38:11,¾í¥Ä³½±Æ,3,900,¥Õ¶º,ÂfÂc¥Ä,§N
56d41e67,2020-05-07 06:38:11,Áú°êªwµæ¤gÂû,2,620,¥Õ¶º,ÂfÂc¥Ä,§N
56d41e67,2020-07-21 06:29:21,§ù¥ò¤û«n,3,900,µµ¦Ì,¬õ¯ù,¼ö
56d41e67,2020-07-21 06:29:21,¬õÄT½Þ±Æ,1,300,¥Õ¶º,¬c¤l¯ù,¼ö
56d41e67,2020-08-30 07:11:40,®õ¦¡»[­»ª£»¶Âû,1,300,µµ¦Ì,¥¤¯ù,¼ö
56d41e67,2020-08-30 07:11:40,¯Ü¥ÖÂû»L,4,1200,µµ¦Ì,¬õ¯ù,§N
56d41e67,2020-08-30 07:11:40,Áú°êªwµæ¤gÂû,5,1550,¥Õ¶º,¥©§J¤O,¼ö
56d41e67,2020-08-30 07:11:40,¬õÄT½Þ±Æ,3,900,¥Õ¶º,¬c¤l¯ù,¼ö
56d41e67,2020-08-30 07:11:40,¯}¥¬¤l­W¥Ê»]¦×,1,300,¥Õ¶º,¬õ¯ù,¼ö
56d41e67,2020-12-18 21:46:06,¾í¥Ä³½±Æ,5,1500,¥Õ¶º,ºñ¯ù,§N
56d41e67,2020-12-18 21:46:06,¤û¦×¯»µ·Áç,2,640,µµ¦Ì,¥©§J¤O,¼ö
56d41e67,2020-12-18 21:46:06,®É³½,3,960,µµ¦Ì,¬õ¯ù,¼ö
56d41e67,2020-12-18 21:46:06,®õ¦¡»[­»ª£»¶Âû,4,1200,µµ¦Ì,ºñ¯ù,§N
56d41e67,2020-10-03 05:09:22,¯Ü¥ÖÂû»L,5,1500,µµ¦Ì,²¢´ö,¼ö
56d41e67,2020-10-03 05:09:22,§ù¥ò¤û«n,4,1200,¥Õ¶º,½¯¶V²ù¾L,§N
606c8685,2020-04-27 10:22:46,´ÔÆQ³½±Æ,4,1200,¥Õ¶º,©@°Ø,§N
606c8685,2020-04-27 10:22:46,®õ¦¡»[­»ª£»¶Âû,5,1500,µµ¦Ì,¥©§J¤O,¼ö
606c8685,2020-04-24 23:51:55,»Äµæ¥Õ¦×Áç,2,600,µµ¦Ì,ÂfÂc¥Ä,§N
606c8685,2020-04-24 23:51:55,¯Ü¥ÖÂû»L,5,1500,µµ¦Ì,²¢´ö,¼ö
606c8685,2020-04-24 23:51:55,Áú°êªwµæ¤gÂû,1,310,¥Õ¶º,¥©§J¤O,¼ö
606c8685,2020-04-24 23:51:55,®õ¦¡»[­»ª£»¶Âû,2,600,µµ¦Ì,¬c¤l¯ù,¼ö
ef9c6209,2020-11-13 22:28:02,¯}¥¬¤l­W¥Ê»]¦×,3,900,µµ¦Ì,²¢´ö,¼ö
ef9c6209,2020-11-13 22:28:02,Á¡ÆQ¯NÄJ³½,3,900,¥Õ¶º,¥©§J¤O,¼ö
ef9c6209,2020-11-13 22:28:02,¯Ü¥ÖÂû»L,3,900,¥Õ¶º,½¯¶V²ù¾L,§N
ef9c6209,2020-11-17 03:15:15,¬õÄT½Þ±Æ,2,600,¥Õ¶º,½¯¶V²ù¾L,§N
ef9c6209,2020-11-17 03:15:15,¯}¥¬¤l­W¥Ê»]¦×,3,900,µµ¦Ì,¬c¤l¯ù,¼ö
ef9c6209,2020-11-17 03:15:15,¤û¦×¯»µ·Áç,1,320,¥Õ¶º,½¯¶V²ù¾L,§N
ef9c6209,2020-11-17 03:15:15,»Äµæ¥Õ¦×Áç,5,1500,¥Õ¶º,²¢´ö,¼ö
ef9c6209,2020-11-17 03:15:15,Á¡ÆQ¯NÄJ³½,1,300,µµ¦Ì,¬c¤l¯ù,¼ö
ef9c6209,2020-10-06 03:10:53,¯}¥¬¤l­W¥Ê»]¦×,4,1200,µµ¦Ì,½¯¶V²ù¾L,§N
ef9c6209,2020-06-07 14:50:24,¾í¥Ä³½±Æ,2,600,µµ¦Ì,©@°Ø,§N
ef9c6209,2020-06-07 14:50:24,Áú°êªwµæ¤gÂû,5,1550,¥Õ¶º,ºñ¯ù,§N
ef9c6209,2020-06-07 14:50:24,§ù¥ò¤û«n,2,600,µµ¦Ì,¬c¤l¯ù,¼ö
ef9c6209,2020-06-07 14:50:24,´ÔÆQ³½±Æ,3,900,¥Õ¶º,¥©§J¤O,¼ö
ef9c6209,2020-04-05 12:28:19,®É³½,3,960,¥Õ¶º,¬õ¯ù,§N
ef9c6209,2020-04-05 12:28:19,®õ¦¡»[­»ª£»¶Âû,2,600,¥Õ¶º,½¯¶V²ù¾L,§N
ef9c6209,2020-04-05 12:28:19,¾í¥Ä³½±Æ,2,600,µµ¦Ì,¥©§J¤O,¼ö
ef9c6209,2020-04-05 12:28:19,§ù¥ò¤û«n,1,300,¥Õ¶º,ºñ¯ù,¼ö
ef9c6209,2020-04-05 12:28:19,¤û¦×¯»µ·Áç,1,320,µµ¦Ì,©@°Ø,¼ö
ef9c6209,2020-05-26 13:42:12,®É³½,3,960,¥Õ¶º,½¯¶V²ù¾L,§N
ef9c6209,2020-02-03 22:45:41,¯Ü¥ÖÂû»L,1,300,¥Õ¶º,¬õ¯ù,¼ö
ef9c6209,2020-02-03 22:45:41,¬õÄT½Þ±Æ,5,1500,µµ¦Ì,¬c¤l¯ù,¼ö
ef9c6209,2020-01-25 09:56:26,¾í¥Ä³½±Æ,3,900,µµ¦Ì,¥¤¯ù,§N
ef9c6209,2020-01-25 09:56:26,§ù¥ò¤û«n,2,600,µµ¦Ì,¬c¤l¯ù,¼ö
ef9c6209,2020-01-25 09:56:26,»Äµæ¥Õ¦×Áç,4,1200,¥Õ¶º,¥¤¯ù,¼ö
ef9c6209,2020-01-25 09:56:26,®õ¦¡»[­»ª£»¶Âû,3,900,¥Õ¶º,¬c¤l¯ù,¼ö
ef9c6209,2020-01-25 09:56:26,¯}¥¬¤l­W¥Ê»]¦×,5,1500,¥Õ¶º,ºñ¯ù,§N
01f4d634,2020-12-10 18:55:54,Á¡ÆQ¯NÄJ³½,2,600,¥Õ¶º,ÂfÂc¥Ä,§N
01f4d634,2020-12-10 18:55:54,§ù¥ò¤û«n,4,1200,µµ¦Ì,¬õ¯ù,¼ö
01f4d634,2020-01-24 16:37:34,¾í¥Ä³½±Æ,5,1500,¥Õ¶º,¬õ¯ù,¼ö
01f4d634,2020-01-24 16:37:34,Á¡ÆQ¯NÄJ³½,4,1200,µµ¦Ì,½¯¶V²ù¾L,§N
01f4d634,2020-01-24 16:37:34,»Äµæ¥Õ¦×Áç,2,600,µµ¦Ì,¬c¤l¯ù,¼ö
01f4d634,2020-01-24 16:37:34,¯Ü¥ÖÂû»L,2,600,¥Õ¶º,¥¤¯ù,¼ö
01f4d634,2020-01-24 16:37:34,§ù¥ò¤û«n,2,600,µµ¦Ì,¬c¤l¯ù,¼ö
01f4d634,2020-01-24 14:14:40,®É³½,2,640,¥Õ¶º,¬õ¯ù,§N
01f4d634,2020-01-24 14:14:40,®õ¦¡»[­»ª£»¶Âû,4,1200,µµ¦Ì,ºñ¯ù,¼ö
01f4d634,2020-01-24 14:14:40,¯}¥¬¤l­W¥Ê»]¦×,4,1200,µµ¦Ì,¥©§J¤O,¼ö
01f4d634,2020-06-16 02:06:02,¯}¥¬¤l­W¥Ê»]¦×,3,900,¥Õ¶º,ÂfÂc¥Ä,§N
01f4d634,2020-06-16 02:06:02,§ù¥ò¤û«n,2,600,µµ¦Ì,ºñ¯ù,§N
01f4d634,2020-06-16 02:06:02,Áú°êªwµæ¤gÂû,3,930,¥Õ¶º,©@°Ø,§N
01f4d634,2020-06-16 02:06:02,®õ¦¡»[­»ª£»¶Âû,2,600,¥Õ¶º,¬c¤l¯ù,¼ö
01f4d634,2020-06-16 02:06:02,®É³½,5,1600,¥Õ¶º,¥©§J¤O,¼ö
01f4d634,2020-04-27 18:30:39,®É³½,2,640,¥Õ¶º,ÂfÂc¥Ä,§N
01f4d634,2020-04-27 18:30:39,¾í¥Ä³½±Æ,3,900,¥Õ¶º,¬õ¯ù,§N
01f4d634,2020-04-27 18:30:39,Áú°êªwµæ¤gÂû,5,1550,µµ¦Ì,©@°Ø,§N
01f4d634,2020-02-24 03:51:51,Áú°êªwµæ¤gÂû,2,620,¥Õ¶º,ÂfÂc¥Ä,§N
01f4d634,2020-02-24 03:51:51,¾í¥Ä³½±Æ,4,1200,¥Õ¶º,²¢´ö,¼ö
01f4d634,2020-07-27 10:46:20,´ÔÆQ³½±Æ,4,1200,µµ¦Ì,©@°Ø,¼ö
01f4d634,2020-07-27 10:46:20,»Äµæ¥Õ¦×Áç,2,600,µµ¦Ì,¥¤¯ù,¼ö
01f4d634,2020-07-27 10:46:20,®õ¦¡»[­»ª£»¶Âû,5,1500,µµ¦Ì,©@°Ø,§N
01f4d634,2020-07-27 10:46:20,Áú°êªwµæ¤gÂû,3,930,¥Õ¶º,¥©§J¤O,¼ö
01f4d634,2020-07-27 10:46:20,®É³½,5,1600,µµ¦Ì,¥©§J¤O,¼ö
01f4d634,2020-12-09 10:47:01,§ù¥ò¤û«n,1,300,µµ¦Ì,¬õ¯ù,§N
01f4d634,2020-12-09 10:47:01,¯Ü¥ÖÂû»L,4,1200,µµ¦Ì,²¢´ö,¼ö
01f4d634,2020-12-09 10:47:01,Áú°êªwµæ¤gÂû,3,930,¥Õ¶º,¬c¤l¯ù,¼ö
01f4d634,2020-01-27 22:48:53,¯}¥¬¤l­W¥Ê»]¦×,4,1200,¥Õ¶º,²¢´ö,¼ö
01f4d634,2020-01-27 22:48:53,Áú°êªwµæ¤gÂû,1,310,¥Õ¶º,ºñ¯ù,§N
01f4d634,2020-01-27 22:48:53,®õ¦¡»[­»ª£»¶Âû,2,600,¥Õ¶º,¥©§J¤O,¼ö
01f4d634,2020-01-27 22:48:53,¤û¦×¯»µ·Áç,4,1280,¥Õ¶º,¬õ¯ù,¼ö
01f4d634,2020-01-27 22:48:53,¯Ü¥ÖÂû»L,4,1200,¥Õ¶º,¥©§J¤O,¼ö
e9a5bfbf,2020-05-12 09:36:39,Áú°êªwµæ¤gÂû,4,1240,¥Õ¶º,¬c¤l¯ù,¼ö
e9a5bfbf,2020-01-26 15:39:57,®õ¦¡»[­»ª£»¶Âû,5,1500,µµ¦Ì,¬õ¯ù,§N
e9a5bfbf,2020-01-26 15:39:57,¯}¥¬¤l­W¥Ê»]¦×,2,600,¥Õ¶º,ºñ¯ù,¼ö
e9a5bfbf,2020-01-26 15:39:57,»Äµæ¥Õ¦×Áç,5,1500,µµ¦Ì,²¢´ö,¼ö
e9a5bfbf,2020-05-07 00:30:35,¾í¥Ä³½±Æ,1,300,µµ¦Ì,¬c¤l¯ù,¼ö
e9a5bfbf,2020-05-07 00:30:35,¬õÄT½Þ±Æ,2,600,µµ¦Ì,²¢´ö,¼ö
e9a5bfbf,2020-05-07 00:30:35,¤û¦×¯»µ·Áç,2,640,µµ¦Ì,ÂfÂc¥Ä,§N
e9a5bfbf,2020-06-17 14:49:48,¬õÄT½Þ±Æ,3,900,µµ¦Ì,¥¤¯ù,§N
e9a5bfbf,2020-06-17 14:49:48,Á¡ÆQ¯NÄJ³½,4,1200,¥Õ¶º,¥¤¯ù,¼ö
e9a5bfbf,2020-06-17 14:49:48,®õ¦¡»[­»ª£»¶Âû,2,600,µµ¦Ì,¥©§J¤O,¼ö
e9a5bfbf,2020-06-17 14:49:48,®É³½,2,640,µµ¦Ì,²¢´ö,¼ö
e9a5bfbf,2020-09-05 18:12:31,Áú°êªwµæ¤gÂû,1,310,µµ¦Ì,©@°Ø,§N
e9a5bfbf,2020-12-30 22:43:26,Á¡ÆQ¯NÄJ³½,2,600,¥Õ¶º,ºñ¯ù,¼ö
e9a5bfbf,2020-12-30 22:43:26,¯Ü¥ÖÂû»L,1,300,µµ¦Ì,¥¤¯ù,§N
e9a5bfbf,2020-12-30 22:43:26,´ÔÆQ³½±Æ,2,600,¥Õ¶º,©@°Ø,¼ö
e9a5bfbf,2020-03-11 18:42:39,´ÔÆQ³½±Æ,4,1200,µµ¦Ì,ÂfÂc¥Ä,§N
e9a5bfbf,2020-03-11 18:42:39,¾í¥Ä³½±Æ,4,1200,µµ¦Ì,½¯¶V²ù¾L,§N
e9a5bfbf,2020-03-11 18:42:39,¯Ü¥ÖÂû»L,4,1200,¥Õ¶º,ÂfÂc¥Ä,§N
e9a5bfbf,2020-03-11 18:42:39,¬õÄT½Þ±Æ,5,1500,µµ¦Ì,ºñ¯ù,§N
e9a5bfbf,2020-08-22 15:16:00,®É³½,5,1600,¥Õ¶º,½¯¶V²ù¾L,§N
e9a5bfbf,2020-08-22 15:16:00,®õ¦¡»[­»ª£»¶Âû,3,900,µµ¦Ì,ÂfÂc¥Ä,§N
e9a5bfbf,2020-08-22 15:16:00,Áú°êªwµæ¤gÂû,4,1240,µµ¦Ì,¥¤¯ù,§N
3db26ba4,2020-09-18 08:38:42,¾í¥Ä³½±Æ,2,600,¥Õ¶º,ºñ¯ù,§N
3db26ba4,2020-09-18 08:38:42,Áú°êªwµæ¤gÂû,2,620,¥Õ¶º,ºñ¯ù,§N
3db26ba4,2020-09-18 08:38:42,»Äµæ¥Õ¦×Áç,4,1200,µµ¦Ì,¬c¤l¯ù,¼ö
3db26ba4,2020-09-18 08:38:42,´ÔÆQ³½±Æ,4,1200,µµ¦Ì,½¯¶V²ù¾L,§N
3db26ba4,2020-09-18 08:38:42,¯}¥¬¤l­W¥Ê»]¦×,1,300,µµ¦Ì,¬c¤l¯ù,¼ö
3db26ba4,2020-04-02 06:27:30,¬õÄT½Þ±Æ,1,300,¥Õ¶º,¥¤¯ù,§N
3db26ba4,2020-04-02 06:27:30,®õ¦¡»[­»ª£»¶Âû,5,1500,¥Õ¶º,½¯¶V²ù¾L,§N
3db26ba4,2020-09-03 10:02:32,Áú°êªwµæ¤gÂû,5,1550,µµ¦Ì,¬õ¯ù,§N
3db26ba4,2020-09-03 10:02:32,¯}¥¬¤l­W¥Ê»]¦×,3,900,µµ¦Ì,¥©§J¤O,¼ö
3db26ba4,2020-09-03 10:02:32,Á¡ÆQ¯NÄJ³½,2,600,µµ¦Ì,¥¤¯ù,§N
3db26ba4,2020-09-03 10:02:32,¾í¥Ä³½±Æ,4,1200,µµ¦Ì,½¯¶V²ù¾L,§N
3db26ba4,2020-09-03 10:02:32,®õ¦¡»[­»ª£»¶Âû,2,600,¥Õ¶º,ºñ¯ù,¼ö
3db26ba4,2020-05-16 19:47:20,´ÔÆQ³½±Æ,3,900,µµ¦Ì,©@°Ø,¼ö
3db26ba4,2020-10-22 12:25:19,§ù¥ò¤û«n,1,300,¥Õ¶º,ºñ¯ù,§N
3db26ba4,2020-11-02 13:21:30,¤û¦×¯»µ·Áç,4,1280,µµ¦Ì,¥¤¯ù,¼ö
3db26ba4,2020-08-06 23:29:01,¯Ü¥ÖÂû»L,1,300,¥Õ¶º,²¢´ö,¼ö
3db26ba4,2020-08-06 23:29:01,»Äµæ¥Õ¦×Áç,1,300,¥Õ¶º,¬c¤l¯ù,¼ö
3db26ba4,2020-06-29 18:59:12,¤û¦×¯»µ·Áç,3,960,¥Õ¶º,¬c¤l¯ù,¼ö
5064920c,2020-01-03 03:12:38,¬õÄT½Þ±Æ,4,1200,¥Õ¶º,½¯¶V²ù¾L,§N
5064920c,2020-01-03 03:12:38,»Äµæ¥Õ¦×Áç,4,1200,µµ¦Ì,²¢´ö,¼ö
5064920c,2020-01-03 03:12:38,¯Ü¥ÖÂû»L,2,600,µµ¦Ì,²¢´ö,¼ö
5064920c,2020-01-03 03:12:38,Áú°êªwµæ¤gÂû,3,930,¥Õ¶º,¥©§J¤O,¼ö
5064920c,2020-01-03 03:12:38,¤û¦×¯»µ·Áç,2,640,µµ¦Ì,½¯¶V²ù¾L,§N
5064920c,2020-03-22 03:37:49,Á¡ÆQ¯NÄJ³½,2,600,¥Õ¶º,ÂfÂc¥Ä,§N
5064920c,2020-03-22 03:37:49,Áú°êªwµæ¤gÂû,3,930,µµ¦Ì,©@°Ø,§N
5064920c,2020-03-22 03:37:49,¤û¦×¯»µ·Áç,4,1280,¥Õ¶º,©@°Ø,¼ö
5064920c,2020-12-11 16:56:55,´ÔÆQ³½±Æ,4,1200,¥Õ¶º,²¢´ö,¼ö
5064920c,2020-11-29 11:01:39,´ÔÆQ³½±Æ,4,1200,µµ¦Ì,¥¤¯ù,¼ö
5064920c,2020-04-06 14:41:03,´ÔÆQ³½±Æ,1,300,µµ¦Ì,¥¤¯ù,§N
5064920c,2020-03-03 18:13:13,®É³½,3,960,µµ¦Ì,¥¤¯ù,§N
5064920c,2020-03-03 18:13:13,®õ¦¡»[­»ª£»¶Âû,5,1500,µµ¦Ì,©@°Ø,¼ö
5064920c,2020-03-03 18:13:13,¾í¥Ä³½±Æ,3,900,¥Õ¶º,¥©§J¤O,¼ö
5064920c,2020-03-03 18:13:13,§ù¥ò¤û«n,3,900,µµ¦Ì,¥¤¯ù,¼ö
400dc3fc,2020-08-19 21:25:06,¤û¦×¯»µ·Áç,5,1600,µµ¦Ì,¥¤¯ù,¼ö
400dc3fc,2020-08-19 21:25:06,´ÔÆQ³½±Æ,3,900,µµ¦Ì,ºñ¯ù,¼ö
400dc3fc,2020-08-19 21:25:06,¯Ü¥ÖÂû»L,4,1200,µµ¦Ì,©@°Ø,¼ö
03d2ea56,2020-06-02 13:26:44,¾í¥Ä³½±Æ,3,900,µµ¦Ì,¬c¤l¯ù,¼ö
03d2ea56,2020-06-02 13:26:44,Á¡ÆQ¯NÄJ³½,2,600,µµ¦Ì,¥¤¯ù,§N
03d2ea56,2020-05-10 04:51:23,§ù¥ò¤û«n,1,300,µµ¦Ì,ÂfÂc¥Ä,§N
03d2ea56,2020-05-10 04:51:23,¬õÄT½Þ±Æ,5,1500,µµ¦Ì,¬õ¯ù,§N
03d2ea56,2020-05-10 04:51:23,´ÔÆQ³½±Æ,5,1500,¥Õ¶º,¥©§J¤O,¼ö
03d2ea56,2020-05-10 04:51:23,Áú°êªwµæ¤gÂû,4,1240,µµ¦Ì,¥¤¯ù,§N
03d2ea56,2020-04-14 22:09:10,Áú°êªwµæ¤gÂû,2,620,µµ¦Ì,¬c¤l¯ù,¼ö
03d2ea56,2020-08-19 00:04:38,§ù¥ò¤û«n,2,600,¥Õ¶º,ÂfÂc¥Ä,§N
03d2ea56,2020-12-06 10:25:14,¬õÄT½Þ±Æ,1,300,µµ¦Ì,½¯¶V²ù¾L,§N
03d2ea56,2020-02-07 08:02:49,¾í¥Ä³½±Æ,5,1500,µµ¦Ì,¥¤¯ù,¼ö
03d2ea56,2020-02-07 08:02:49,´ÔÆQ³½±Æ,5,1500,µµ¦Ì,¬õ¯ù,¼ö
03d2ea56,2020-02-07 08:02:49,®É³½,2,640,¥Õ¶º,¬õ¯ù,§N
03d2ea56,2020-05-25 16:35:47,¬õÄT½Þ±Æ,4,1200,µµ¦Ì,ÂfÂc¥Ä,§N
03d2ea56,2020-05-25 16:35:47,¯Ü¥ÖÂû»L,4,1200,µµ¦Ì,½¯¶V²ù¾L,§N
03d2ea56,2020-05-25 16:35:47,¯}¥¬¤l­W¥Ê»]¦×,5,1500,¥Õ¶º,¬õ¯ù,¼ö
a3530022,2020-04-02 18:48:22,´ÔÆQ³½±Æ,1,300,µµ¦Ì,ºñ¯ù,§N
a3530022,2020-04-02 18:48:22,¤û¦×¯»µ·Áç,1,320,¥Õ¶º,©@°Ø,¼ö
a3530022,2020-04-02 18:48:22,¯}¥¬¤l­W¥Ê»]¦×,1,300,¥Õ¶º,ÂfÂc¥Ä,§N
a3530022,2020-07-17 12:40:15,¬õÄT½Þ±Æ,5,1500,µµ¦Ì,½¯¶V²ù¾L,§N
a3530022,2020-07-17 12:40:15,§ù¥ò¤û«n,4,1200,µµ¦Ì,¬c¤l¯ù,¼ö
a3530022,2020-07-17 12:40:15,®É³½,3,960,¥Õ¶º,¥©§J¤O,¼ö
a3530022,2020-03-01 03:35:01,»Äµæ¥Õ¦×Áç,4,1200,µµ¦Ì,©@°Ø,§N
a3530022,2020-03-01 03:35:01,¾í¥Ä³½±Æ,2,600,µµ¦Ì,²¢´ö,¼ö
a3530022,2020-03-01 03:35:01,¤û¦×¯»µ·Áç,5,1600,¥Õ¶º,¥¤¯ù,§N
a3530022,2020-03-01 03:35:01,´ÔÆQ³½±Æ,2,600,µµ¦Ì,½¯¶V²ù¾L,§N
a3530022,2020-03-01 03:35:01,Áú°êªwµæ¤gÂû,1,310,¥Õ¶º,½¯¶V²ù¾L,§N
a3530022,2020-10-10 14:15:28,¯}¥¬¤l­W¥Ê»]¦×,3,900,¥Õ¶º,¥©§J¤O,¼ö
a3530022,2020-10-10 14:15:28,»Äµæ¥Õ¦×Áç,5,1500,¥Õ¶º,¬c¤l¯ù,¼ö
a3530022,2020-10-10 14:15:28,¾í¥Ä³½±Æ,4,1200,µµ¦Ì,¬õ¯ù,¼ö
a3530022,2020-10-10 14:15:28,®É³½,1,320,¥Õ¶º,ÂfÂc¥Ä,§N
a3530022,2020-08-29 06:54:32,¯Ü¥ÖÂû»L,3,900,¥Õ¶º,ºñ¯ù,¼ö
a3530022,2020-08-29 06:54:32,¾í¥Ä³½±Æ,2,600,¥Õ¶º,¥¤¯ù,§N
a3530022,2020-01-29 03:17:41,´ÔÆQ³½±Æ,1,300,¥Õ¶º,¥©§J¤O,¼ö
a3530022,2020-01-29 03:17:41,¯}¥¬¤l­W¥Ê»]¦×,3,900,¥Õ¶º,²¢´ö,¼ö
a3530022,2020-01-29 03:17:41,Á¡ÆQ¯NÄJ³½,3,900,¥Õ¶º,ÂfÂc¥Ä,§N
a3530022,2020-05-16 13:48:22,¤û¦×¯»µ·Áç,3,960,¥Õ¶º,²¢´ö,¼ö
a3530022,2020-05-16 13:48:22,®õ¦¡»[­»ª£»¶Âû,4,1200,µµ¦Ì,©@°Ø,§N
a3530022,2020-05-16 13:48:22,Á¡ÆQ¯NÄJ³½,4,1200,¥Õ¶º,ÂfÂc¥Ä,§N
a3530022,2020-01-14 11:04:10,´ÔÆQ³½±Æ,4,1200,µµ¦Ì,¥¤¯ù,§N
a3530022,2020-01-14 11:04:10,¯}¥¬¤l­W¥Ê»]¦×,3,900,µµ¦Ì,©@°Ø,¼ö
a3530022,2020-01-14 11:04:10,¯Ü¥ÖÂû»L,3,900,¥Õ¶º,¬c¤l¯ù,¼ö
a3530022,2020-10-02 23:39:27,¬õÄT½Þ±Æ,2,600,¥Õ¶º,½¯¶V²ù¾L,§N
a3530022,2020-10-02 23:39:27,¾í¥Ä³½±Æ,3,900,¥Õ¶º,¥¤¯ù,§N
a3530022,2020-10-02 23:39:27,Á¡ÆQ¯NÄJ³½,5,1500,µµ¦Ì,²¢´ö,¼ö
a3530022,2020-10-02 23:39:27,¤û¦×¯»µ·Áç,1,320,¥Õ¶º,¥¤¯ù,§N
a3530022,2020-10-02 23:39:27,¯Ü¥ÖÂû»L,2,600,µµ¦Ì,©@°Ø,¼ö
a3530022,2020-09-23 18:52:57,¾í¥Ä³½±Æ,4,1200,µµ¦Ì,½¯¶V²ù¾L,§N
a3530022,2020-09-23 18:52:57,»Äµæ¥Õ¦×Áç,2,600,¥Õ¶º,¥©§J¤O,¼ö
a3530022,2020-09-23 18:52:57,®É³½,3,960,¥Õ¶º,ºñ¯ù,§N
0acf1414,2020-08-26 11:32:27,¯Ü¥ÖÂû»L,3,900,µµ¦Ì,ºñ¯ù,§N
0acf1414,2020-08-26 11:32:27,®õ¦¡»[­»ª£»¶Âû,2,600,¥Õ¶º,¥©§J¤O,¼ö
0acf1414,2020-08-26 11:32:27,»Äµæ¥Õ¦×Áç,1,300,¥Õ¶º,¬c¤l¯ù,¼ö
0acf1414,2020-08-26 11:32:27,Áú°êªwµæ¤gÂû,5,1550,µµ¦Ì,¬c¤l¯ù,¼ö
0acf1414,2020-08-26 11:32:27,´ÔÆQ³½±Æ,3,900,¥Õ¶º,²¢´ö,¼ö
0acf1414,2020-01-03 18:11:48,¤û¦×¯»µ·Áç,1,320,¥Õ¶º,¬õ¯ù,¼ö
0acf1414,2020-01-03 18:11:48,Á¡ÆQ¯NÄJ³½,5,1500,¥Õ¶º,©@°Ø,¼ö
0acf1414,2020-01-03 18:11:48,»Äµæ¥Õ¦×Áç,3,900,µµ¦Ì,¥©§J¤O,¼ö
0acf1414,2020-01-03 18:11:48,¬õÄT½Þ±Æ,2,600,µµ¦Ì,ºñ¯ù,§N
e66aa3df,2020-01-27 09:38:03,¯}¥¬¤l­W¥Ê»]¦×,5,1500,µµ¦Ì,²¢´ö,¼ö
e66aa3df,2020-01-27 09:38:03,¤û¦×¯»µ·Áç,3,960,¥Õ¶º,½¯¶V²ù¾L,§N
e66aa3df,2020-01-27 09:38:03,Áú°êªwµæ¤gÂû,1,310,¥Õ¶º,©@°Ø,¼ö
e66aa3df,2020-01-27 09:38:03,»Äµæ¥Õ¦×Áç,4,1200,¥Õ¶º,½¯¶V²ù¾L,§N
e66aa3df,2020-01-27 09:38:03,Á¡ÆQ¯NÄJ³½,3,900,¥Õ¶º,ÂfÂc¥Ä,§N
e66aa3df,2020-03-16 00:11:21,´ÔÆQ³½±Æ,3,900,µµ¦Ì,½¯¶V²ù¾L,§N
e66aa3df,2020-03-16 00:11:21,®É³½,3,960,µµ¦Ì,¬c¤l¯ù,¼ö
e66aa3df,2020-03-16 00:11:21,Áú°êªwµæ¤gÂû,4,1240,¥Õ¶º,¥¤¯ù,§N
e66aa3df,2020-03-16 00:11:21,¯Ü¥ÖÂû»L,5,1500,µµ¦Ì,²¢´ö,¼ö
e66aa3df,2020-06-13 00:37:05,Á¡ÆQ¯NÄJ³½,1,300,µµ¦Ì,©@°Ø,¼ö
e66aa3df,2020-10-08 14:05:29,§ù¥ò¤û«n,3,900,µµ¦Ì,¬c¤l¯ù,¼ö
e66aa3df,2020-10-08 14:05:29,Á¡ÆQ¯NÄJ³½,2,600,µµ¦Ì,©@°Ø,¼ö
e66aa3df,2020-10-08 14:05:29,¾í¥Ä³½±Æ,1,300,µµ¦Ì,½¯¶V²ù¾L,§N
e66aa3df,2020-10-08 14:05:29,¤û¦×¯»µ·Áç,5,1600,¥Õ¶º,²¢´ö,¼ö
e66aa3df,2020-10-08 14:05:29,®õ¦¡»[­»ª£»¶Âû,2,600,µµ¦Ì,¥©§J¤O,¼ö
e66aa3df,2020-01-13 14:46:39,®õ¦¡»[­»ª£»¶Âû,2,600,µµ¦Ì,¥¤¯ù,¼ö
e66aa3df,2020-05-26 03:11:03,¾í¥Ä³½±Æ,3,900,µµ¦Ì,ÂfÂc¥Ä,§N
e66aa3df,2020-05-26 03:11:03,§ù¥ò¤û«n,4,1200,µµ¦Ì,½¯¶V²ù¾L,§N
e66aa3df,2020-05-26 03:11:03,®É³½,3,960,¥Õ¶º,²¢´ö,¼ö
e66aa3df,2020-05-26 03:11:03,¤û¦×¯»µ·Áç,5,1600,µµ¦Ì,¥¤¯ù,¼ö
e66aa3df,2020-05-26 03:11:03,¯Ü¥ÖÂû»L,2,600,¥Õ¶º,²¢´ö,¼ö
e66aa3df,2020-07-26 20:45:06,§ù¥ò¤û«n,2,600,µµ¦Ì,²¢´ö,¼ö
e66aa3df,2020-07-26 20:45:06,¬õÄT½Þ±Æ,5,1500,¥Õ¶º,¬õ¯ù,¼ö
e66aa3df,2020-07-26 20:45:06,¤û¦×¯»µ·Áç,5,1600,µµ¦Ì,¥¤¯ù,¼ö
e66aa3df,2020-07-26 20:45:06,®õ¦¡»[­»ª£»¶Âû,3,900,µµ¦Ì,ÂfÂc¥Ä,§N
e66aa3df,2020-07-26 20:45:06,¯}¥¬¤l­W¥Ê»]¦×,2,600,µµ¦Ì,©@°Ø,§N
e66aa3df,2020-06-14 21:58:38,¬õÄT½Þ±Æ,3,900,µµ¦Ì,²¢´ö,¼ö
e66aa3df,2020-06-14 21:58:38,Áú°êªwµæ¤gÂû,3,930,¥Õ¶º,¥¤¯ù,¼ö
2aa3eeab,2020-01-22 05:48:39,§ù¥ò¤û«n,3,900,¥Õ¶º,¬c¤l¯ù,¼ö
2aa3eeab,2020-01-22 05:48:39,»Äµæ¥Õ¦×Áç,2,600,µµ¦Ì,©@°Ø,§N
2aa3eeab,2020-04-25 20:23:48,´ÔÆQ³½±Æ,4,1200,µµ¦Ì,©@°Ø,¼ö
2aa3eeab,2020-04-25 20:23:48,Á¡ÆQ¯NÄJ³½,4,1200,¥Õ¶º,½¯¶V²ù¾L,§N
2aa3eeab,2020-06-08 08:32:24,®õ¦¡»[­»ª£»¶Âû,3,900,¥Õ¶º,¬õ¯ù,¼ö
2aa3eeab,2020-02-27 02:59:00,¬õÄT½Þ±Æ,4,1200,¥Õ¶º,ºñ¯ù,¼ö
2aa3eeab,2020-02-27 02:59:00,´ÔÆQ³½±Æ,1,300,¥Õ¶º,ÂfÂc¥Ä,§N
2aa3eeab,2020-02-27 02:59:00,¯}¥¬¤l­W¥Ê»]¦×,3,900,µµ¦Ì,½¯¶V²ù¾L,§N
2aa3eeab,2020-02-27 02:59:00,Á¡ÆQ¯NÄJ³½,1,300,µµ¦Ì,¬c¤l¯ù,¼ö
2aa3eeab,2020-09-05 13:44:13,¯Ü¥ÖÂû»L,4,1200,µµ¦Ì,²¢´ö,¼ö
2aa3eeab,2020-09-05 13:44:13,¯}¥¬¤l­W¥Ê»]¦×,1,300,µµ¦Ì,¬c¤l¯ù,¼ö
2aa3eeab,2020-09-05 13:44:13,Áú°êªwµæ¤gÂû,1,310,¥Õ¶º,¬õ¯ù,§N
2aa3eeab,2020-01-31 20:34:43,¾í¥Ä³½±Æ,4,1200,µµ¦Ì,ºñ¯ù,¼ö
2aa3eeab,2020-01-31 20:34:43,¬õÄT½Þ±Æ,1,300,¥Õ¶º,¥¤¯ù,§N
2aa3eeab,2020-01-31 20:34:43,¤û¦×¯»µ·Áç,5,1600,µµ¦Ì,½¯¶V²ù¾L,§N
2aa3eeab,2020-01-31 20:34:43,®õ¦¡»[­»ª£»¶Âû,5,1500,¥Õ¶º,½¯¶V²ù¾L,§N
2aa3eeab,2020-01-31 20:34:43,®É³½,5,1600,¥Õ¶º,ÂfÂc¥Ä,§N
2aa3eeab,2020-02-01 12:21:31,Áú°êªwµæ¤gÂû,2,620,µµ¦Ì,¥¤¯ù,¼ö
2aa3eeab,2020-02-01 12:21:31,®õ¦¡»[­»ª£»¶Âû,4,1200,¥Õ¶º,²¢´ö,¼ö
2aa3eeab,2020-02-01 12:21:31,Á¡ÆQ¯NÄJ³½,5,1500,¥Õ¶º,¥©§J¤O,¼ö
2aa3eeab,2020-02-01 12:21:31,¾í¥Ä³½±Æ,2,600,µµ¦Ì,²¢´ö,¼ö
2aa3eeab,2020-09-30 07:27:58,»Äµæ¥Õ¦×Áç,1,300,¥Õ¶º,¬c¤l¯ù,¼ö
2aa3eeab,2020-09-30 07:27:58,¯Ü¥ÖÂû»L,2,600,µµ¦Ì,©@°Ø,§N
2aa3eeab,2020-09-30 07:27:58,§ù¥ò¤û«n,3,900,µµ¦Ì,¬õ¯ù,§N
2aa3eeab,2020-03-14 18:21:00,Á¡ÆQ¯NÄJ³½,2,600,µµ¦Ì,¥©§J¤O,¼ö
2aa3eeab,2020-03-14 18:21:00,®É³½,2,640,¥Õ¶º,¬c¤l¯ù,¼ö
2aa3eeab,2020-03-14 18:21:00,®õ¦¡»[­»ª£»¶Âû,5,1500,¥Õ¶º,½¯¶V²ù¾L,§N
2aa3eeab,2020-03-14 18:21:00,»Äµæ¥Õ¦×Áç,2,600,µµ¦Ì,ÂfÂc¥Ä,§N
2aa3eeab,2020-03-14 18:21:00,¾í¥Ä³½±Æ,5,1500,¥Õ¶º,¥©§J¤O,¼ö
7f7a348b,2020-10-03 11:23:31,®É³½,2,640,¥Õ¶º,¥©§J¤O,¼ö
7f7a348b,2020-10-03 11:23:31,Áú°êªwµæ¤gÂû,5,1550,¥Õ¶º,¬c¤l¯ù,¼ö
7f7a348b,2020-08-31 03:23:01,§ù¥ò¤û«n,4,1200,µµ¦Ì,¬c¤l¯ù,¼ö
7f7a348b,2020-12-03 04:40:58,Áú°êªwµæ¤gÂû,5,1550,¥Õ¶º,©@°Ø,¼ö
7f7a348b,2020-12-16 11:12:28,Á¡ÆQ¯NÄJ³½,2,600,µµ¦Ì,¬c¤l¯ù,¼ö
7f7a348b,2020-12-16 11:12:28,¯Ü¥ÖÂû»L,3,900,¥Õ¶º,¬õ¯ù,§N
7f7a348b,2020-12-16 11:12:28,¬õÄT½Þ±Æ,4,1200,µµ¦Ì,¥©§J¤O,¼ö
7f7a348b,2020-12-16 11:12:28,¯}¥¬¤l­W¥Ê»]¦×,1,300,¥Õ¶º,ºñ¯ù,§N
7f7a348b,2020-11-01 04:56:51,´ÔÆQ³½±Æ,5,1500,µµ¦Ì,²¢´ö,¼ö
7f7a348b,2020-11-01 04:56:51,¾í¥Ä³½±Æ,2,600,¥Õ¶º,½¯¶V²ù¾L,§N
7f7a348b,2020-11-01 04:56:51,®É³½,4,1280,µµ¦Ì,¥©§J¤O,¼ö
7f7a348b,2020-11-01 04:56:51,¯}¥¬¤l­W¥Ê»]¦×,1,300,¥Õ¶º,ºñ¯ù,¼ö
7f7a348b,2020-05-04 03:20:24,¯Ü¥ÖÂû»L,4,1200,µµ¦Ì,ºñ¯ù,¼ö
7f7a348b,2020-08-01 13:03:06,¤û¦×¯»µ·Áç,3,960,¥Õ¶º,ºñ¯ù,§N
7f7a348b,2020-08-01 13:03:06,¬õÄT½Þ±Æ,4,1200,¥Õ¶º,ÂfÂc¥Ä,§N
7f7a348b,2020-08-01 13:03:06,»Äµæ¥Õ¦×Áç,3,900,µµ¦Ì,©@°Ø,§N
7f7a348b,2020-08-01 13:03:06,§ù¥ò¤û«n,2,600,µµ¦Ì,¬õ¯ù,§N
7f7a348b,2020-08-01 13:03:06,¯}¥¬¤l­W¥Ê»]¦×,3,900,¥Õ¶º,ºñ¯ù,§N
7f7a348b,2020-03-26 04:08:11,®É³½,5,1600,¥Õ¶º,¥©§J¤O,¼ö
7f7a348b,2020-03-26 04:08:11,¤û¦×¯»µ·Áç,2,640,¥Õ¶º,²¢´ö,¼ö
7f7a348b,2020-03-26 04:08:11,´ÔÆQ³½±Æ,1,300,¥Õ¶º,ºñ¯ù,¼ö
7f7a348b,2020-03-26 04:08:11,»Äµæ¥Õ¦×Áç,4,1200,µµ¦Ì,²¢´ö,¼ö
7f7a348b,2020-03-26 04:08:11,Á¡ÆQ¯NÄJ³½,5,1500,¥Õ¶º,©@°Ø,¼ö
7f7a348b,2020-02-19 14:01:45,¾í¥Ä³½±Æ,2,600,¥Õ¶º,²¢´ö,¼ö
7f7a348b,2020-02-19 14:01:45,´ÔÆQ³½±Æ,5,1500,¥Õ¶º,ÂfÂc¥Ä,§N
7f7a348b,2020-02-19 14:01:45,®É³½,3,960,¥Õ¶º,¥¤¯ù,§N
7f7a348b,2020-02-19 14:01:45,¬õÄT½Þ±Æ,3,900,¥Õ¶º,¬õ¯ù,¼ö
7f7a348b,2020-03-13 16:58:22,¯}¥¬¤l­W¥Ê»]¦×,4,1200,¥Õ¶º,ºñ¯ù,§N
7f7a348b,2020-03-13 16:58:22,¬õÄT½Þ±Æ,5,1500,µµ¦Ì,½¯¶V²ù¾L,§N
d4405a91,2020-03-03 22:32:07,®É³½,4,1280,µµ¦Ì,½¯¶V²ù¾L,§N
d4405a91,2020-03-03 22:32:07,®õ¦¡»[­»ª£»¶Âû,4,1200,¥Õ¶º,©@°Ø,¼ö
d4405a91,2020-03-03 22:32:07,§ù¥ò¤û«n,3,900,¥Õ¶º,¥©§J¤O,¼ö
d4405a91,2020-03-03 22:32:07,¬õÄT½Þ±Æ,5,1500,¥Õ¶º,ºñ¯ù,¼ö
d4405a91,2020-07-26 10:10:12,Áú°êªwµæ¤gÂû,5,1550,µµ¦Ì,©@°Ø,¼ö
d4405a91,2020-07-26 10:10:12,¾í¥Ä³½±Æ,1,300,µµ¦Ì,ÂfÂc¥Ä,§N
d4405a91,2020-05-06 00:41:34,¯}¥¬¤l­W¥Ê»]¦×,1,300,¥Õ¶º,¥¤¯ù,¼ö
d4405a91,2020-05-06 00:41:34,Á¡ÆQ¯NÄJ³½,3,900,¥Õ¶º,¬õ¯ù,§N
d4405a91,2020-05-06 00:41:34,´ÔÆQ³½±Æ,1,300,¥Õ¶º,ºñ¯ù,¼ö
d4405a91,2020-05-06 00:41:34,»Äµæ¥Õ¦×Áç,1,300,µµ¦Ì,¬c¤l¯ù,¼ö
d4405a91,2020-05-06 00:41:34,§ù¥ò¤û«n,3,900,µµ¦Ì,¬c¤l¯ù,¼ö
d4405a91,2020-12-07 02:45:45,¯Ü¥ÖÂû»L,4,1200,¥Õ¶º,ºñ¯ù,¼ö
d4405a91,2020-12-07 02:45:45,¬õÄT½Þ±Æ,5,1500,µµ¦Ì,ºñ¯ù,§N
d4405a91,2020-12-07 02:45:45,®É³½,4,1280,µµ¦Ì,½¯¶V²ù¾L,§N
d4405a91,2020-07-08 11:43:37,¾í¥Ä³½±Æ,4,1200,µµ¦Ì,ÂfÂc¥Ä,§N
d4405a91,2020-07-08 11:43:37,¬õÄT½Þ±Æ,1,300,µµ¦Ì,²¢´ö,¼ö
d4405a91,2020-03-06 14:58:49,Á¡ÆQ¯NÄJ³½,4,1200,µµ¦Ì,¥©§J¤O,¼ö
d4405a91,2020-03-06 14:58:49,¤û¦×¯»µ·Áç,5,1600,¥Õ¶º,¬õ¯ù,§N
d4405a91,2020-03-06 14:58:49,Áú°êªwµæ¤gÂû,5,1550,µµ¦Ì,¥©§J¤O,¼ö
d4405a91,2020-03-06 14:58:49,§ù¥ò¤û«n,2,600,µµ¦Ì,²¢´ö,¼ö
a05de2c8,2020-09-20 18:04:33,´ÔÆQ³½±Æ,5,1500,¥Õ¶º,ÂfÂc¥Ä,§N
a05de2c8,2020-09-20 18:04:33,¤û¦×¯»µ·Áç,2,640,¥Õ¶º,ÂfÂc¥Ä,§N
a05de2c8,2020-09-20 18:04:33,®õ¦¡»[­»ª£»¶Âû,5,1500,¥Õ¶º,ºñ¯ù,¼ö
a05de2c8,2020-11-03 12:30:11,§ù¥ò¤û«n,3,900,¥Õ¶º,²¢´ö,¼ö
a05de2c8,2020-11-03 12:30:11,¤û¦×¯»µ·Áç,2,640,¥Õ¶º,½¯¶V²ù¾L,§N
a05de2c8,2020-11-03 12:30:11,¯Ü¥ÖÂû»L,2,600,µµ¦Ì,©@°Ø,¼ö
a05de2c8,2020-11-03 12:30:11,¾í¥Ä³½±Æ,5,1500,µµ¦Ì,¥©§J¤O,¼ö
a05de2c8,2020-11-03 12:30:11,®õ¦¡»[­»ª£»¶Âû,2,600,µµ¦Ì,©@°Ø,§N
a05de2c8,2020-03-25 03:24:20,¾í¥Ä³½±Æ,3,900,¥Õ¶º,¥¤¯ù,§N
a05de2c8,2020-03-25 03:24:20,§ù¥ò¤û«n,1,300,µµ¦Ì,ÂfÂc¥Ä,§N
a05de2c8,2020-03-25 03:24:20,¯}¥¬¤l­W¥Ê»]¦×,5,1500,µµ¦Ì,©@°Ø,§N
a05de2c8,2020-03-25 03:24:20,¤û¦×¯»µ·Áç,1,320,¥Õ¶º,²¢´ö,¼ö
a05de2c8,2020-03-25 03:24:20,Á¡ÆQ¯NÄJ³½,1,300,µµ¦Ì,©@°Ø,¼ö
a05de2c8,2020-07-20 03:45:29,¬õÄT½Þ±Æ,2,600,µµ¦Ì,ºñ¯ù,¼ö
a05de2c8,2020-07-20 03:45:29,Á¡ÆQ¯NÄJ³½,4,1200,µµ¦Ì,¥¤¯ù,§N
a05de2c8,2020-07-20 03:45:29,´ÔÆQ³½±Æ,3,900,¥Õ¶º,©@°Ø,§N
a05de2c8,2020-07-20 03:45:29,§ù¥ò¤û«n,5,1500,¥Õ¶º,¥¤¯ù,¼ö
a05de2c8,2020-07-20 03:45:29,®É³½,2,640,µµ¦Ì,²¢´ö,¼ö
a05de2c8,2020-02-22 18:08:46,´ÔÆQ³½±Æ,2,600,¥Õ¶º,²¢´ö,¼ö
a05de2c8,2020-02-22 18:08:46,Áú°êªwµæ¤gÂû,4,1240,¥Õ¶º,²¢´ö,¼ö
a05de2c8,2020-02-22 18:08:46,¯}¥¬¤l­W¥Ê»]¦×,3,900,µµ¦Ì,¬õ¯ù,§N
600050c0,2020-01-03 02:22:09,¯}¥¬¤l­W¥Ê»]¦×,3,900,¥Õ¶º,¬c¤l¯ù,¼ö
600050c0,2020-01-03 02:22:09,Á¡ÆQ¯NÄJ³½,1,300,¥Õ¶º,ºñ¯ù,¼ö
600050c0,2020-11-17 03:07:31,§ù¥ò¤û«n,1,300,µµ¦Ì,ºñ¯ù,§N
600050c0,2020-11-17 03:07:31,®õ¦¡»[­»ª£»¶Âû,4,1200,¥Õ¶º,¬c¤l¯ù,¼ö
600050c0,2020-11-17 03:07:31,®É³½,4,1280,µµ¦Ì,¥¤¯ù,¼ö
600050c0,2020-11-17 03:07:31,¤û¦×¯»µ·Áç,5,1600,¥Õ¶º,¬õ¯ù,¼ö
600050c0,2020-11-17 03:07:31,»Äµæ¥Õ¦×Áç,1,300,¥Õ¶º,¥©§J¤O,¼ö
600050c0,2020-06-30 16:13:18,¯Ü¥ÖÂû»L,4,1200,µµ¦Ì,¥¤¯ù,§N
600050c0,2020-06-30 16:13:18,§ù¥ò¤û«n,5,1500,¥Õ¶º,©@°Ø,§N
600050c0,2020-06-30 16:13:18,®É³½,5,1600,µµ¦Ì,²¢´ö,¼ö
e716dbd0,2020-09-09 10:39:32,¯}¥¬¤l­W¥Ê»]¦×,4,1200,µµ¦Ì,¬õ¯ù,§N
e716dbd0,2020-09-09 10:39:32,Á¡ÆQ¯NÄJ³½,3,900,¥Õ¶º,©@°Ø,§N
e716dbd0,2020-09-09 10:39:32,´ÔÆQ³½±Æ,5,1500,µµ¦Ì,¬c¤l¯ù,¼ö
e716dbd0,2020-09-12 04:30:01,Á¡ÆQ¯NÄJ³½,2,600,¥Õ¶º,©@°Ø,¼ö
e716dbd0,2020-09-12 04:30:01,¤û¦×¯»µ·Áç,5,1600,µµ¦Ì,¥¤¯ù,§N
e716dbd0,2020-06-20 08:30:21,Á¡ÆQ¯NÄJ³½,5,1500,µµ¦Ì,ºñ¯ù,¼ö
e716dbd0,2020-06-20 08:30:21,®É³½,5,1600,¥Õ¶º,¥©§J¤O,¼ö
e716dbd0,2020-06-20 08:30:21,´ÔÆQ³½±Æ,5,1500,µµ¦Ì,¥¤¯ù,¼ö
e716dbd0,2020-05-19 17:22:33,¬õÄT½Þ±Æ,3,900,¥Õ¶º,¥¤¯ù,§N
e716dbd0,2020-05-19 17:22:33,»Äµæ¥Õ¦×Áç,2,600,µµ¦Ì,ºñ¯ù,¼ö
e716dbd0,2020-05-24 18:40:56,¯}¥¬¤l­W¥Ê»]¦×,3,900,µµ¦Ì,¬õ¯ù,§N
e716dbd0,2020-05-24 18:40:56,¾í¥Ä³½±Æ,4,1200,µµ¦Ì,²¢´ö,¼ö
e716dbd0,2020-05-24 18:40:56,¯Ü¥ÖÂû»L,2,600,µµ¦Ì,¬õ¯ù,§N
e716dbd0,2020-12-21 21:59:35,¾í¥Ä³½±Æ,2,600,¥Õ¶º,¥¤¯ù,¼ö
e716dbd0,2020-12-21 21:59:35,´ÔÆQ³½±Æ,3,900,µµ¦Ì,¬õ¯ù,§N
e716dbd0,2020-02-12 07:53:19,¤û¦×¯»µ·Áç,4,1280,µµ¦Ì,©@°Ø,§N
e716dbd0,2020-02-12 07:53:19,¯}¥¬¤l­W¥Ê»]¦×,3,900,µµ¦Ì,¬õ¯ù,¼ö
e716dbd0,2020-02-12 07:53:19,®õ¦¡»[­»ª£»¶Âû,2,600,¥Õ¶º,ºñ¯ù,§N
e716dbd0,2020-02-12 07:53:19,»Äµæ¥Õ¦×Áç,1,300,µµ¦Ì,©@°Ø,¼ö
e716dbd0,2020-02-12 07:53:19,Á¡ÆQ¯NÄJ³½,4,1200,µµ¦Ì,½¯¶V²ù¾L,§N
e716dbd0,2020-10-18 17:21:55,¤û¦×¯»µ·Áç,2,640,µµ¦Ì,¥©§J¤O,¼ö
e716dbd0,2020-01-28 05:51:32,»Äµæ¥Õ¦×Áç,1,300,µµ¦Ì,©@°Ø,§N
e716dbd0,2020-01-28 05:51:32,§ù¥ò¤û«n,5,1500,¥Õ¶º,ÂfÂc¥Ä,§N
e716dbd0,2020-01-28 05:51:32,¯}¥¬¤l­W¥Ê»]¦×,5,1500,¥Õ¶º,²¢´ö,¼ö
e716dbd0,2020-01-28 05:51:32,®É³½,2,640,¥Õ¶º,¬õ¯ù,¼ö
e716dbd0,2020-01-28 05:51:32,¯Ü¥ÖÂû»L,4,1200,µµ¦Ì,ÂfÂc¥Ä,§N
4d8b7642,2020-12-19 15:34:40,¯Ü¥ÖÂû»L,3,900,¥Õ¶º,©@°Ø,§N
4d8b7642,2020-12-19 15:34:40,¯}¥¬¤l­W¥Ê»]¦×,5,1500,µµ¦Ì,ºñ¯ù,§N
4d8b7642,2020-12-19 15:34:40,¾í¥Ä³½±Æ,3,900,¥Õ¶º,©@°Ø,¼ö
4d8b7642,2020-12-19 15:34:40,¬õÄT½Þ±Æ,5,1500,¥Õ¶º,¥¤¯ù,§N
4d8b7642,2020-12-19 15:34:40,´ÔÆQ³½±Æ,5,1500,¥Õ¶º,©@°Ø,§N
4d8b7642,2020-12-19 15:27:31,¬õÄT½Þ±Æ,3,900,µµ¦Ì,¬õ¯ù,§N
4d8b7642,2020-12-19 15:27:31,¯}¥¬¤l­W¥Ê»]¦×,2,600,¥Õ¶º,¥¤¯ù,§N
4d8b7642,2020-12-19 15:27:31,Áú°êªwµæ¤gÂû,4,1240,¥Õ¶º,¥¤¯ù,¼ö
4d8b7642,2020-12-19 15:27:31,¤û¦×¯»µ·Áç,1,320,¥Õ¶º,½¯¶V²ù¾L,§N
4d8b7642,2020-12-19 15:27:31,¯Ü¥ÖÂû»L,5,1500,µµ¦Ì,ÂfÂc¥Ä,§N
4d8b7642,2020-09-12 14:12:54,¬õÄT½Þ±Æ,4,1200,¥Õ¶º,ºñ¯ù,¼ö
93365d1c,2020-09-28 07:26:03,¯}¥¬¤l­W¥Ê»]¦×,1,300,µµ¦Ì,ÂfÂc¥Ä,§N
93365d1c,2020-09-28 07:26:03,Á¡ÆQ¯NÄJ³½,4,1200,¥Õ¶º,ºñ¯ù,¼ö
93365d1c,2020-05-17 06:46:14,»Äµæ¥Õ¦×Áç,1,300,µµ¦Ì,ºñ¯ù,¼ö
93365d1c,2020-05-17 06:46:14,¯}¥¬¤l­W¥Ê»]¦×,1,300,¥Õ¶º,©@°Ø,§N
93365d1c,2020-12-19 18:42:05,¬õÄT½Þ±Æ,1,300,¥Õ¶º,ºñ¯ù,¼ö
93365d1c,2020-12-19 18:42:05,Áú°êªwµæ¤gÂû,4,1240,µµ¦Ì,¬õ¯ù,¼ö
93365d1c,2020-10-10 07:53:37,®É³½,1,320,¥Õ¶º,©@°Ø,¼ö
87e5f9d6,2020-08-12 04:52:20,»Äµæ¥Õ¦×Áç,1,300,¥Õ¶º,¬õ¯ù,§N
87e5f9d6,2020-08-12 04:52:20,´ÔÆQ³½±Æ,5,1500,¥Õ¶º,½¯¶V²ù¾L,§N
87e5f9d6,2020-08-12 04:52:20,¤û¦×¯»µ·Áç,4,1280,µµ¦Ì,¬c¤l¯ù,¼ö
87e5f9d6,2020-09-04 12:56:18,¾í¥Ä³½±Æ,2,600,µµ¦Ì,ºñ¯ù,¼ö
87e5f9d6,2020-04-15 16:17:55,®õ¦¡»[­»ª£»¶Âû,3,900,µµ¦Ì,ºñ¯ù,¼ö
87e5f9d6,2020-04-15 16:17:55,¾í¥Ä³½±Æ,2,600,µµ¦Ì,©@°Ø,¼ö
87e5f9d6,2020-04-15 16:17:55,§ù¥ò¤û«n,5,1500,¥Õ¶º,©@°Ø,¼ö
87e5f9d6,2020-02-14 09:13:47,¯Ü¥ÖÂû»L,4,1200,¥Õ¶º,ÂfÂc¥Ä,§N
87e5f9d6,2020-02-14 09:13:47,¾í¥Ä³½±Æ,4,1200,µµ¦Ì,¥¤¯ù,§N
87e5f9d6,2020-02-14 09:13:47,»Äµæ¥Õ¦×Áç,5,1500,µµ¦Ì,¬c¤l¯ù,¼ö
87e5f9d6,2020-02-14 09:13:47,´ÔÆQ³½±Æ,1,300,¥Õ¶º,¬c¤l¯ù,¼ö
87e5f9d6,2020-04-11 16:18:32,»Äµæ¥Õ¦×Áç,3,900,¥Õ¶º,ºñ¯ù,§N
87e5f9d6,2020-04-11 16:18:32,¬õÄT½Þ±Æ,2,600,¥Õ¶º,ÂfÂc¥Ä,§N
87e5f9d6,2020-04-11 16:18:32,¯Ü¥ÖÂû»L,5,1500,µµ¦Ì,¬õ¯ù,¼ö
87e5f9d6,2020-04-11 16:18:32,§ù¥ò¤û«n,2,600,µµ¦Ì,ÂfÂc¥Ä,§N
87e5f9d6,2020-04-11 16:18:32,¯}¥¬¤l­W¥Ê»]¦×,2,600,µµ¦Ì,¬õ¯ù,§N
87e5f9d6,2020-02-17 01:47:47,¾í¥Ä³½±Æ,3,900,¥Õ¶º,ÂfÂc¥Ä,§N
87e5f9d6,2020-02-17 01:47:47,Áú°êªwµæ¤gÂû,1,310,¥Õ¶º,©@°Ø,¼ö
87e5f9d6,2020-02-17 01:47:47,®É³½,3,960,¥Õ¶º,¥¤¯ù,§N
87e5f9d6,2020-02-17 01:47:47,Á¡ÆQ¯NÄJ³½,2,600,µµ¦Ì,©@°Ø,¼ö
87e5f9d6,2020-02-17 01:47:47,»Äµæ¥Õ¦×Áç,3,900,µµ¦Ì,¬õ¯ù,¼ö
87e5f9d6,2020-01-03 22:07:04,§ù¥ò¤û«n,3,900,¥Õ¶º,¥¤¯ù,¼ö
87e5f9d6,2020-01-03 22:07:04,Á¡ÆQ¯NÄJ³½,4,1200,µµ¦Ì,½¯¶V²ù¾L,§N
87e5f9d6,2020-07-06 02:20:10,Á¡ÆQ¯NÄJ³½,2,600,¥Õ¶º,²¢´ö,¼ö
87e5f9d6,2020-07-06 02:20:10,´ÔÆQ³½±Æ,1,300,µµ¦Ì,¥¤¯ù,¼ö
87e5f9d6,2020-07-06 02:20:10,§ù¥ò¤û«n,4,1200,¥Õ¶º,¥¤¯ù,§N
87e5f9d6,2020-01-07 22:33:58,®É³½,2,640,µµ¦Ì,ÂfÂc¥Ä,§N
2f84d37c,2020-07-30 10:10:53,®õ¦¡»[­»ª£»¶Âû,3,900,µµ¦Ì,©@°Ø,¼ö
2f84d37c,2020-07-30 10:10:53,®É³½,3,960,¥Õ¶º,©@°Ø,¼ö
2f84d37c,2020-07-13 10:17:23,®É³½,1,320,¥Õ¶º,½¯¶V²ù¾L,§N
2f84d37c,2020-07-13 10:17:23,¯Ü¥ÖÂû»L,1,300,¥Õ¶º,©@°Ø,¼ö
2f84d37c,2020-07-13 10:17:23,Áú°êªwµæ¤gÂû,5,1550,¥Õ¶º,ÂfÂc¥Ä,§N
2f84d37c,2020-07-13 10:17:23,§ù¥ò¤û«n,1,300,µµ¦Ì,²¢´ö,¼ö
2f84d37c,2020-09-04 19:29:22,Á¡ÆQ¯NÄJ³½,3,900,µµ¦Ì,²¢´ö,¼ö
2f84d37c,2020-12-15 20:45:39,Áú°êªwµæ¤gÂû,2,620,µµ¦Ì,ºñ¯ù,§N
2f84d37c,2020-12-15 20:45:39,§ù¥ò¤û«n,2,600,µµ¦Ì,¬õ¯ù,§N
2f84d37c,2020-09-13 17:20:17,¾í¥Ä³½±Æ,4,1200,µµ¦Ì,©@°Ø,¼ö
807e48e0,2020-01-19 06:15:36,´ÔÆQ³½±Æ,5,1500,µµ¦Ì,¬c¤l¯ù,¼ö
807e48e0,2020-01-19 06:15:36,Áú°êªwµæ¤gÂû,4,1240,¥Õ¶º,¬õ¯ù,§N
807e48e0,2020-01-19 06:15:36,¯Ü¥ÖÂû»L,1,300,µµ¦Ì,¬õ¯ù,§N
807e48e0,2020-01-19 06:15:36,¾í¥Ä³½±Æ,2,600,¥Õ¶º,²¢´ö,¼ö
807e48e0,2020-08-17 00:43:21,¾í¥Ä³½±Æ,5,1500,µµ¦Ì,©@°Ø,§N
807e48e0,2020-08-17 03:30:50,¬õÄT½Þ±Æ,3,900,µµ¦Ì,©@°Ø,¼ö
807e48e0,2020-11-16 13:19:30,®É³½,1,320,µµ¦Ì,ÂfÂc¥Ä,§N
807e48e0,2020-01-18 00:23:44,»Äµæ¥Õ¦×Áç,1,300,¥Õ¶º,ÂfÂc¥Ä,§N
807e48e0,2020-01-18 00:23:44,®õ¦¡»[­»ª£»¶Âû,5,1500,¥Õ¶º,©@°Ø,¼ö
807e48e0,2020-01-18 00:23:44,®É³½,3,960,µµ¦Ì,ÂfÂc¥Ä,§N
807e48e0,2020-01-18 00:23:44,¯Ü¥ÖÂû»L,4,1200,µµ¦Ì,¥©§J¤O,¼ö
807e48e0,2020-12-18 01:39:45,¤û¦×¯»µ·Áç,4,1280,¥Õ¶º,ºñ¯ù,¼ö
807e48e0,2020-09-16 10:09:49,¾í¥Ä³½±Æ,4,1200,¥Õ¶º,ºñ¯ù,§N
807e48e0,2020-09-16 10:09:49,Áú°êªwµæ¤gÂû,1,310,µµ¦Ì,¥©§J¤O,¼ö
807e48e0,2020-09-16 10:09:49,®É³½,1,320,µµ¦Ì,©@°Ø,§N
807e48e0,2020-09-16 10:09:49,®õ¦¡»[­»ª£»¶Âû,3,900,¥Õ¶º,¥©§J¤O,¼ö
807e48e0,2020-05-22 10:44:41,§ù¥ò¤û«n,4,1200,µµ¦Ì,¬c¤l¯ù,¼ö
807e48e0,2020-05-22 10:44:41,´ÔÆQ³½±Æ,5,1500,µµ¦Ì,ÂfÂc¥Ä,§N
7d7ee1a8,2020-07-11 23:27:37,®É³½,2,640,¥Õ¶º,¬õ¯ù,¼ö
7d7ee1a8,2020-07-11 23:27:37,¬õÄT½Þ±Æ,5,1500,¥Õ¶º,ÂfÂc¥Ä,§N
7d7ee1a8,2020-07-11 23:27:37,¾í¥Ä³½±Æ,2,600,µµ¦Ì,²¢´ö,¼ö
7d7ee1a8,2020-07-11 23:27:37,¯Ü¥ÖÂû»L,4,1200,µµ¦Ì,ÂfÂc¥Ä,§N
7d7ee1a8,2020-07-11 23:27:37,¤û¦×¯»µ·Áç,3,960,¥Õ¶º,½¯¶V²ù¾L,§N
7d7ee1a8,2020-12-30 00:16:01,¯}¥¬¤l­W¥Ê»]¦×,4,1200,¥Õ¶º,¬õ¯ù,¼ö
7d7ee1a8,2020-12-30 00:16:01,»Äµæ¥Õ¦×Áç,1,300,µµ¦Ì,¥©§J¤O,¼ö
7d7ee1a8,2020-12-30 00:16:01,Á¡ÆQ¯NÄJ³½,4,1200,¥Õ¶º,¥©§J¤O,¼ö
7d7ee1a8,2020-11-20 00:44:16,®õ¦¡»[­»ª£»¶Âû,3,900,¥Õ¶º,ÂfÂc¥Ä,§N
7d7ee1a8,2020-11-20 00:44:16,®É³½,5,1600,µµ¦Ì,¥©§J¤O,¼ö
7d7ee1a8,2020-11-20 00:44:16,§ù¥ò¤û«n,5,1500,¥Õ¶º,ºñ¯ù,¼ö
7d7ee1a8,2020-11-20 00:44:16,Áú°êªwµæ¤gÂû,4,1240,¥Õ¶º,¥©§J¤O,¼ö
7d7ee1a8,2020-11-20 00:44:16,¤û¦×¯»µ·Áç,3,960,¥Õ¶º,¬õ¯ù,§N
7d7ee1a8,2020-04-06 09:42:17,§ù¥ò¤û«n,4,1200,¥Õ¶º,²¢´ö,¼ö
a42bbdf2,2020-04-01 14:15:02,´ÔÆQ³½±Æ,2,600,µµ¦Ì,½¯¶V²ù¾L,§N
a42bbdf2,2020-04-01 14:15:02,»Äµæ¥Õ¦×Áç,4,1200,µµ¦Ì,ºñ¯ù,§N
a42bbdf2,2020-04-01 14:15:02,®É³½,5,1600,¥Õ¶º,¬c¤l¯ù,¼ö
a42bbdf2,2020-04-01 14:15:02,¯}¥¬¤l­W¥Ê»]¦×,5,1500,¥Õ¶º,©@°Ø,¼ö
a42bbdf2,2020-04-01 14:15:02,¯Ü¥ÖÂû»L,5,1500,µµ¦Ì,ºñ¯ù,§N
a42bbdf2,2020-04-18 04:45:45,»Äµæ¥Õ¦×Áç,4,1200,¥Õ¶º,ºñ¯ù,§N
a42bbdf2,2020-04-18 04:45:45,§ù¥ò¤û«n,2,600,µµ¦Ì,½¯¶V²ù¾L,§N
a42bbdf2,2020-04-18 04:45:45,¬õÄT½Þ±Æ,1,300,¥Õ¶º,¥¤¯ù,¼ö
a42bbdf2,2020-04-18 04:45:45,´ÔÆQ³½±Æ,3,900,µµ¦Ì,ÂfÂc¥Ä,§N
a42bbdf2,2020-04-18 04:45:45,Áú°êªwµæ¤gÂû,4,1240,¥Õ¶º,ºñ¯ù,¼ö
a42bbdf2,2020-08-13 16:46:30,§ù¥ò¤û«n,5,1500,µµ¦Ì,¥©§J¤O,¼ö
a42bbdf2,2020-08-13 16:46:30,Áú°êªwµæ¤gÂû,2,620,µµ¦Ì,ºñ¯ù,§N
a42bbdf2,2020-08-13 16:46:30,¤û¦×¯»µ·Áç,3,960,¥Õ¶º,ÂfÂc¥Ä,§N
a42bbdf2,2020-05-15 18:17:12,»Äµæ¥Õ¦×Áç,4,1200,¥Õ¶º,¥©§J¤O,¼ö
a42bbdf2,2020-05-15 18:17:12,Á¡ÆQ¯NÄJ³½,5,1500,µµ¦Ì,½¯¶V²ù¾L,§N
a42bbdf2,2020-05-15 18:17:12,§ù¥ò¤û«n,2,600,¥Õ¶º,ÂfÂc¥Ä,§N
a42bbdf2,2020-05-15 18:17:12,Áú°êªwµæ¤gÂû,2,620,¥Õ¶º,¬c¤l¯ù,¼ö
a42bbdf2,2020-06-21 19:34:26,¯}¥¬¤l­W¥Ê»]¦×,3,900,¥Õ¶º,½¯¶V²ù¾L,§N
a42bbdf2,2020-06-21 19:34:26,¬õÄT½Þ±Æ,1,300,µµ¦Ì,¬c¤l¯ù,¼ö
a42bbdf2,2020-06-21 19:34:26,¾í¥Ä³½±Æ,4,1200,µµ¦Ì,©@°Ø,§N
a42bbdf2,2020-06-21 19:34:26,´ÔÆQ³½±Æ,3,900,¥Õ¶º,¥©§J¤O,¼ö
a42bbdf2,2020-06-05 22:35:04,¾í¥Ä³½±Æ,3,900,µµ¦Ì,½¯¶V²ù¾L,§N
a42bbdf2,2020-06-05 22:35:04,¯}¥¬¤l­W¥Ê»]¦×,3,900,¥Õ¶º,½¯¶V²ù¾L,§N
a42bbdf2,2020-06-05 22:35:04,¯Ü¥ÖÂû»L,2,600,µµ¦Ì,¬õ¯ù,¼ö
a42bbdf2,2020-06-05 22:35:04,¬õÄT½Þ±Æ,1,300,¥Õ¶º,¬c¤l¯ù,¼ö
83c1605c,2020-09-10 06:31:54,»Äµæ¥Õ¦×Áç,2,600,¥Õ¶º,½¯¶V²ù¾L,§N
83c1605c,2020-09-10 06:31:54,Á¡ÆQ¯NÄJ³½,4,1200,µµ¦Ì,ÂfÂc¥Ä,§N
83c1605c,2020-09-10 06:31:54,®É³½,2,640,¥Õ¶º,²¢´ö,¼ö
83c1605c,2020-09-10 06:31:54,¾í¥Ä³½±Æ,4,1200,µµ¦Ì,²¢´ö,¼ö
83c1605c,2020-08-31 00:14:25,»Äµæ¥Õ¦×Áç,5,1500,µµ¦Ì,ºñ¯ù,§N
83c1605c,2020-08-31 00:14:25,®õ¦¡»[­»ª£»¶Âû,1,300,¥Õ¶º,ºñ¯ù,§N
83c1605c,2020-08-31 00:14:25,¾í¥Ä³½±Æ,5,1500,µµ¦Ì,¬c¤l¯ù,¼ö
83c1605c,2020-08-31 00:14:25,®É³½,3,960,µµ¦Ì,ºñ¯ù,§N
83c1605c,2020-11-08 06:24:17,¯}¥¬¤l­W¥Ê»]¦×,3,900,¥Õ¶º,½¯¶V²ù¾L,§N
83c1605c,2020-11-08 06:24:17,¬õÄT½Þ±Æ,4,1200,¥Õ¶º,©@°Ø,§N
83c1605c,2020-11-08 06:24:17,®õ¦¡»[­»ª£»¶Âû,3,900,µµ¦Ì,¥©§J¤O,¼ö
51a7817f,2020-09-21 16:16:26,®õ¦¡»[­»ª£»¶Âû,1,300,¥Õ¶º,ºñ¯ù,§N
51a7817f,2020-09-21 16:16:26,´ÔÆQ³½±Æ,5,1500,¥Õ¶º,½¯¶V²ù¾L,§N
51a7817f,2020-09-21 16:16:26,®É³½,3,960,µµ¦Ì,¥©§J¤O,¼ö
51a7817f,2020-06-28 16:59:25,Á¡ÆQ¯NÄJ³½,2,600,µµ¦Ì,¬õ¯ù,¼ö
51a7817f,2020-06-28 16:59:25,¬õÄT½Þ±Æ,4,1200,µµ¦Ì,¥©§J¤O,¼ö
51a7817f,2020-06-28 16:59:25,¾í¥Ä³½±Æ,1,300,¥Õ¶º,²¢´ö,¼ö
51a7817f,2020-06-28 16:59:25,Áú°êªwµæ¤gÂû,5,1550,¥Õ¶º,¥©§J¤O,¼ö
51a7817f,2020-01-26 19:38:52,¯Ü¥ÖÂû»L,1,300,µµ¦Ì,½¯¶V²ù¾L,§N
51a7817f,2020-01-26 19:38:52,®É³½,1,320,µµ¦Ì,ºñ¯ù,§N
51a7817f,2020-01-26 19:38:52,§ù¥ò¤û«n,2,600,µµ¦Ì,½¯¶V²ù¾L,§N
51a7817f,2020-01-26 19:38:52,¬õÄT½Þ±Æ,5,1500,µµ¦Ì,©@°Ø,§N
51a7817f,2020-01-26 19:38:52,Áú°êªwµæ¤gÂû,1,310,¥Õ¶º,ºñ¯ù,§N
51a7817f,2020-04-25 03:11:31,»Äµæ¥Õ¦×Áç,4,1200,µµ¦Ì,©@°Ø,§N
51a7817f,2020-04-25 03:11:31,¤û¦×¯»µ·Áç,4,1280,¥Õ¶º,¥©§J¤O,¼ö
51a7817f,2020-09-27 04:38:45,´ÔÆQ³½±Æ,5,1500,µµ¦Ì,½¯¶V²ù¾L,§N
51a7817f,2020-09-27 04:38:45,§ù¥ò¤û«n,3,900,¥Õ¶º,²¢´ö,¼ö
51a7817f,2020-09-27 04:38:45,Áú°êªwµæ¤gÂû,3,930,µµ¦Ì,ºñ¯ù,¼ö
51a7817f,2020-09-27 04:38:45,¯}¥¬¤l­W¥Ê»]¦×,4,1200,¥Õ¶º,¬c¤l¯ù,¼ö
51a7817f,2020-09-27 04:38:45,Á¡ÆQ¯NÄJ³½,4,1200,µµ¦Ì,¥¤¯ù,¼ö
51a7817f,2020-03-30 10:54:28,¤û¦×¯»µ·Áç,1,320,¥Õ¶º,ÂfÂc¥Ä,§N
51a7817f,2020-03-30 10:54:28,¯}¥¬¤l­W¥Ê»]¦×,4,1200,¥Õ¶º,ÂfÂc¥Ä,§N
51a7817f,2020-03-30 10:54:28,¯Ü¥ÖÂû»L,2,600,¥Õ¶º,½¯¶V²ù¾L,§N
51a7817f,2020-03-30 10:54:28,»Äµæ¥Õ¦×Áç,1,300,µµ¦Ì,²¢´ö,¼ö
51a7817f,2020-11-23 13:53:10,¯Ü¥ÖÂû»L,3,900,¥Õ¶º,¥©§J¤O,¼ö
51a7817f,2020-11-23 13:53:10,Á¡ÆQ¯NÄJ³½,2,600,µµ¦Ì,ºñ¯ù,¼ö
51a7817f,2020-11-23 13:53:10,®É³½,4,1280,µµ¦Ì,¥©§J¤O,¼ö
51a7817f,2020-11-23 13:53:10,¾í¥Ä³½±Æ,5,1500,µµ¦Ì,¬õ¯ù,¼ö
51a7817f,2020-11-23 13:53:10,´ÔÆQ³½±Æ,4,1200,¥Õ¶º,©@°Ø,§N
51a7817f,2020-09-13 05:44:14,Áú°êªwµæ¤gÂû,5,1550,µµ¦Ì,¬c¤l¯ù,¼ö
51a7817f,2020-09-13 05:44:14,®É³½,3,960,µµ¦Ì,²¢´ö,¼ö
51a7817f,2020-09-13 05:44:14,¬õÄT½Þ±Æ,5,1500,¥Õ¶º,ºñ¯ù,¼ö
51a7817f,2020-09-13 05:44:14,¯Ü¥ÖÂû»L,5,1500,µµ¦Ì,²¢´ö,¼ö
51a7817f,2020-09-13 05:44:14,¯}¥¬¤l­W¥Ê»]¦×,4,1200,¥Õ¶º,¥©§J¤O,¼ö
51a7817f,2020-01-17 22:28:24,´ÔÆQ³½±Æ,2,600,¥Õ¶º,¬c¤l¯ù,¼ö
241dea1f,2020-09-07 08:11:39,§ù¥ò¤û«n,1,300,¥Õ¶º,¬õ¯ù,§N
241dea1f,2020-06-24 18:16:18,¬õÄT½Þ±Æ,3,900,µµ¦Ì,¥©§J¤O,¼ö
241dea1f,2020-06-24 18:16:18,»Äµæ¥Õ¦×Áç,3,900,¥Õ¶º,¬c¤l¯ù,¼ö
241dea1f,2020-06-24 18:16:18,¯Ü¥ÖÂû»L,4,1200,¥Õ¶º,¬õ¯ù,¼ö
241dea1f,2020-09-06 23:06:44,¤û¦×¯»µ·Áç,5,1600,¥Õ¶º,¬c¤l¯ù,¼ö
241dea1f,2020-09-06 23:06:44,»Äµæ¥Õ¦×Áç,3,900,¥Õ¶º,©@°Ø,§N
241dea1f,2020-12-27 12:16:06,®õ¦¡»[­»ª£»¶Âû,1,300,¥Õ¶º,¬õ¯ù,¼ö
241dea1f,2020-12-27 12:16:06,¤û¦×¯»µ·Áç,1,320,µµ¦Ì,¥©§J¤O,¼ö
241dea1f,2020-12-27 12:16:06,¯Ü¥ÖÂû»L,1,300,¥Õ¶º,²¢´ö,¼ö
241dea1f,2020-12-27 12:16:06,´ÔÆQ³½±Æ,1,300,µµ¦Ì,©@°Ø,¼ö
241dea1f,2020-12-27 12:16:06,Á¡ÆQ¯NÄJ³½,5,1500,µµ¦Ì,¥©§J¤O,¼ö
